{"_id":{"$oid":"5c5eaa7e7798d208f8e7cb20"},"name":"Munich Air Disaster","description":"On February 6, 1958, a plane carrying a Manchester United team led by legendary manager Sir Matt Busby swerved off the Munich runway and crashed into a house causing an explosion. At least 23 people died in the crash, including eight players from that squad. Sixty-one years later, the people of Manchester still observe a moment of silence at 15.04 on this fateful day to remember their fallen heroes.","__v":{"$numberInt":"0"}}
