{"_id":{"$oid":"5c59cb20623e800762da2848"},"date":"2019-02-04 23:15:11.883","opponent":"Juventus","hasBeenPlayed":"true","isWinner":"false","score":"3-1"}
{"_id":{"$oid":"5c59cb20623e800762da2849"},"date":"2019-02-05 23:15:11.883","opponent":"Real Madrid","hasBeenPlayed":"true","isWinner":"true","score":"3-4"}
{"_id":{"$oid":"5c59cb20623e800762da284a"},"date":"2019-02-03 23:15:11.883","opponent":"Barcelona","hasBeenPlayed":"true","isWinner":"false","score":"2-1"}
{"_id":{"$oid":"5c59cb20623e800762da284f"},"date":"2019-02-16 23:15:11.883","opponent":"Juventus","hasBeenPlayed":"false","isWinner":"","score":""}
{"_id":{"$oid":"5c59cb20623e800762da284c"},"date":"2019-01-31 23:15:11.883","opponent":"Chelsea","hasBeenPlayed":"true","isWinner":"true","score":"1-2"}
{"_id":{"$oid":"5c59cb20623e800762da284e"},"date":"2019-01-27 23:15:11.883","opponent":"A.C.Milan","hasBeenPlayed":"true","isWinner":"true","score":"4-2"}
{"_id":{"$oid":"5c59cb20623e800762da2852"},"date":"2019-02-27 23:15:11.883","opponent":"Arsenal","hasBeenPlayed":"false","isWinner":"","score":""}
{"_id":{"$oid":"5c59cb20623e800762da2850"},"date":"2019-02-18 23:15:11.883","opponent":"Real Madrid","hasBeenPlayed":"false","isWinner":"","score":""}
{"_id":{"$oid":"5c59cb20623e800762da2851"},"date":"2019-02-24 23:15:11.883","opponent":"Barcelona","hasBeenPlayed":"false","isWinner":"","score":""}
{"_id":{"$oid":"5c59cb20623e800762da284d"},"date":"2019-01-29 23:15:11.883","opponent":"Liverpool","hasBeenPlayed":"true","isWinner":"false","score":"2-3"}
{"_id":{"$oid":"5c59cb20623e800762da284b"},"date":"2019-02-01 23:15:11.883","opponent":"Arsenal","hasBeenPlayed":"true","isWinner":"true","score":"3-2"}
