{"_id":{"$oid":"5c5723f1977e9f3c43e6b37e"},"name":"Ander Herrera","position":"Midfielder","nationality":"Spain","appearances":"127","clean_sheets":"-","goals":"12","wins":"71","loses":"25","still_plays":"1"}
{"_id":{"$oid":"5c5723f1977e9f3c43e6b375"},"name":"Chris Smalling","position":"Defender","nationality":"England","appearances":"208","clean_sheets":"64","goals":"12","wins":"117","loses":"51","still_plays":"1"}
{"_id":{"$oid":"5c5723f1977e9f3c43e6b371"},"name":"Victor Lindelof","position":"Defender","nationality":"Sweden","appearances":"38","clean_sheets":"9","goals":"1","wins":"21","loses":"8","still_plays":"1"}
{"_id":{"$oid":"5c5723f1977e9f3c43e6b36e"},"name":"Sergio Romero","position":"Goalkeeper","nationality":"Argentina","appearances":"7","clean_sheets":"6","goals":"0","wins":"4","loses":"1","still_plays":"1"}
{"_id":{"$oid":"5c5723f1977e9f3c43e6b381"},"name":"Fred","position":"Midfielder","nationality":"Brazil","appearances":"10","clean_sheets":"-","goals":"1","wins":"6","loses":"3","still_plays":"1"}
{"_id":{"$oid":"5c5723f1977e9f3c43e6b37f"},"name":"Nemanja Matic","position":"Midfielder","nationality":"Serbia","appearances":"181","clean_sheets":"-","goals":"6","wins":"112","loses":"30","still_plays":"1"}
{"_id":{"$oid":"5c5723f1977e9f3c43e6b389"},"name":"Marcus Rashford","position":"Forward","nationality":"England","appearances":"100","clean_sheets":"-","goals":"26","wins":"56","loses":"17","still_plays":"1"}
{"_id":{"$oid":"5c5723f1977e9f3c43e6b38a"},"name":"Joshua Bohui","position":"Forward","nationality":"England","appearances":"0","clean_sheets":"-","goals":"0","wins":"0","loses":"0","still_plays":"1"}
{"_id":{"$oid":"5c5723f1977e9f3c43e6b36f"},"name":"Lee Grant","position":"Goalkeeper","nationality":"England","appearances":"31","clean_sheets":"9","goals":"0","wins":"10","loses":"12","still_plays":"1"}
{"_id":{"$oid":"5c5723f1977e9f3c43e6b378"},"name":"Antonio Valencia","position":"Defender","nationality":"Ecuador","appearances":"324","clean_sheets":"105","goals":"24","wins":"179","loses":"78","still_plays":"1"}
{"_id":{"$oid":"5c5723f1977e9f3c43e6b388"},"name":"Anthony Martial","position":"Forward","nationality":"France","appearances":"105","clean_sheets":"-","goals":"32","wins":"53","loses":"25","still_plays":"1"}
{"_id":{"$oid":"5c5723f1977e9f3c43e6b372"},"name":"Eric Bailley","position":"Defender","nationality":"Cote D'Ivoire","appearances":"47","clean_sheets":"19","goals":"1","wins":"29","loses":"7","still_plays":"1"}
{"_id":{"$oid":"5c5723f1977e9f3c43e6b386"},"name":"Alexis Sanchez","position":"Forward","nationality":"Chile","appearances":"147","clean_sheets":"-","goals":"63","wins":"82","loses":"29","still_plays":"1"}
{"_id":{"$oid":"5c5723f1977e9f3c43e6b37b"},"name":"Paul Pogba","position":"Midfielder","nationality":"France","appearances":"82","clean_sheets":"-","goals":"20","wins":"49","loses":"10","still_plays":"1"}
{"_id":{"$oid":"5c5723f1977e9f3c43e6b380"},"name":"Scott McTominay","position":"Midfielder","nationality":"Scotland","appearances":"22","clean_sheets":"-","goals":"0","wins":"16","loses":"4","still_plays":"1"}
{"_id":{"$oid":"5c5723f1977e9f3c43e6b376"},"name":"Ashley Young","position":"Defender","nationality":"England","appearances":"346","clean_sheets":"73","goals":"47","wins":"165","loses":"84","still_plays":"1"}
{"_id":{"$oid":"5c5723f1977e9f3c43e6b37c"},"name":"Juan Mata","position":"Midfielder","nationality":"Spain","appearances":"237","clean_sheets":"-","goals":"50","wins":"127","loses":"54","still_plays":"1"}
{"_id":{"$oid":"5c5723f1977e9f3c43e6b383"},"name":"Tahith Chong","position":"Midfielder","nationality":"Netherlands","appearances":"0","clean_sheets":"-","goals":"0","wins":"0","loses":"0","still_plays":"1"}
{"_id":{"$oid":"5c5723f1977e9f3c43e6b374"},"name":"Marcos Rojo","position":"Defender","nationality":"Argentina","appearances":"70","clean_sheets":"21","goals":"1","wins":"42","loses":"9","still_plays":"1"}
{"_id":{"$oid":"5c5723f1977e9f3c43e6b36d"},"name":"David De Gea","position":"Goalkeeper","nationality":"Spain","appearances":"262","clean_sheets":"97","goals":"0","wins":"150","loses":"52","still_plays":"1"}
{"_id":{"$oid":"5c5723f1977e9f3c43e6b373"},"name":"Phil Jones","position":"Defender","nationality":"England","appearances":"190","clean_sheets":"59","goals":"2","wins":"100","loses":"40","still_plays":"1"}
{"_id":{"$oid":"5c5723f1977e9f3c43e6b37a"},"name":"Diogo Dalot","position":"Defender","nationality":"Portugal","appearances":"7","clean_sheets":"0","goals":"0","wins":"4","loses":"1","still_plays":"1"}
{"_id":{"$oid":"5c5723f1977e9f3c43e6b382"},"name":"Andreas Pereira","position":"Midfielder","nationality":"Brazil","appearances":"12","clean_sheets":"-","goals":"0","wins":"6","loses":"3","still_plays":"1"}
{"_id":{"$oid":"5c5723f1977e9f3c43e6b384"},"name":"Angel Gomes","position":"Midfielder","nationality":"England","appearances":"2","clean_sheets":"-","goals":"0","wins":"2","loses":"0","still_plays":"1"}
{"_id":{"$oid":"5c5723f1977e9f3c43e6b385"},"name":"James Garner","position":"Midfielder","nationality":"England","appearances":"0","clean_sheets":"-","goals":"0","wins":"0","loses":"0","still_plays":"1"}
{"_id":{"$oid":"5c5723f1977e9f3c43e6b370"},"name":"Matej Kovar","position":"Goalkeeper","nationality":"Czech Republic","appearances":"0","clean_sheets":"0","goals":"0","wins":"0","loses":"0","still_plays":"1"}
{"_id":{"$oid":"5c5723f1977e9f3c43e6b37d"},"name":"Jesse Lingard","position":"Midfielder","nationality":"England","appearances":"105","clean_sheets":"-","goals":"17","wins":"56","loses":"22","still_plays":"1"}
{"_id":{"$oid":"5c5723f1977e9f3c43e6b387"},"name":"Romelu Lukaku","position":"Forward","nationality":"Belgium","appearances":"242","clean_sheets":"-","goals":"109","wins":"107","loses":"76","still_plays":"1"}
{"_id":{"$oid":"5c5723f1977e9f3c43e6b377"},"name":"Luke Shaw","position":"Defender","nationality":"England","appearances":"122","clean_sheets":"33","goals":"1","wins":"51","loses":"30","still_plays":"1"}
{"_id":{"$oid":"5c5723f1977e9f3c43e6b379"},"name":"Matteo Darmian","position":"Defender","nationality":"Italy","appearances":"59","clean_sheets":"20","goals":"1","wins":"30","loses":"9","still_plays":"1"}
