{"_id":{"$oid":"5c56cf27cb284f0d99e701f5"},"name":"Real Madrid","description":"Real Madrid Club de Fútbol, commonly known as Real Madrid, is a professional football club based in Madrid, Spain. Founded on 6 March 1902 as the Madrid Football Club, the club has traditionally worn a white home kit since inception","squad":""}
{"_id":{"$oid":"5c56cf27cb284f0d99e701f3"},"name":"Manchester United","description":"Manchester United Football Club, commonly known as Man United, or simply United, is a professional football club based in Old Trafford, Greater Manchester, England, that competes in the Premier League, the top flight of English football.","squad":"David De Gea, Lee Grant, Sergio Romero, Joel Pereira, Victor Lindelof, Eric Bailly, Phil Jones, Chris Smalling, Marcos Rojo, Ashley Young, Diogo Dalot, Luke Shaw, Time Fosu, Antonio Vaencia, Matteo Darmian, Axel Tuanzebe, Paul Pogba, Juan Mata, Jesse Lingard, Andreas Perieira, Fred, Scott Mctominay, Alexiz Sanchez, Romelu Lukaku, Marcus Rashford, Anthony Martial"}
{"_id":{"$oid":"5c56cf27cb284f0d99e701f9"},"name":"Chelsea","description":"Chelsea Football Club is a professional football club based in London, England, that competes in the Premier League, the highest tier of English football","squad":""}
{"_id":{"$oid":"5c56cf27cb284f0d99e701f4"},"name":"Juventus","description":"Juventus Football Club S.p.A., colloquially known as Juve, is an Italian professional football club in Turin, Piedmont","squad":""}
{"_id":{"$oid":"5c56cf27cb284f0d99e701f7"},"name":"Bayern Munich","description":"Fußball-Club Bayern München e.V., commonly known as FC Bayern München, FCB, Bayern Munich, or FC Bayern, is a German sports club based in Munich, Bavaria","squad":""}
{"_id":{"$oid":"5c56cf27cb284f0d99e701f8"},"name":"Arsenal","description":"Arsenal Football Club is a professional football club based in Islington, London, England, that plays in the Premier League, the top flight of English football.","squad":""}
{"_id":{"$oid":"5c56cf27cb284f0d99e701fa"},"name":"Liverpool","description":"Liverpool Football Club is a professional football club in Liverpool, England, that competes in the Premier League, the top tier of English football.","squad":""}
{"_id":{"$oid":"5c56cf27cb284f0d99e701fb"},"name":"A.C.Milan","description":"Associazione Calcio Milan, commonly referred to as A.C. Milan or simply Milan, is a professional football club in Milan, Italy, founded in 1899. The club has spent its entire history, with the exception of the 1980–81 and 1982–83 seasons, in the top flight of Italian football, known as Serie A since 1929–30","squad":""}
{"_id":{"$oid":"5c56cf27cb284f0d99e701f6"},"name":"Barcelona","description":"Futbol Club Barcelona, known simply as Barcelona and colloquially as Barça, is a professional football club based in Barcelona, Catalonia, Spain","squad":""}
